<?xml version="1.0" encoding="UTF-8"?>
<root>
  <item name="android.support.v7.app.ActionBar int getDisplayOptions()">
    <annotation name="android.support.annotation.IntDef">
      <val name="flag" val="true" />
      <val name="value" val="{android.support.v7.app.ActionBar.DISPLAY_USE_LOGO, android.support.v7.app.ActionBar.DISPLAY_SHOW_HOME, android.support.v7.app.ActionBar.DISPLAY_HOME_AS_UP, android.support.v7.app.ActionBar.DISPLAY_SHOW_TITLE, android.support.v7.app.ActionBar.DISPLAY_SHOW_CUSTOM}" />
    </annotation>
  </item>
  <item name="android.support.v7.app.ActionBar int getNavigationMode()">
    <annotation name="android.support.annotation.IntDef">
      <val name="value" val="{android.support.v7.app.ActionBar.NAVIGATION_MODE_STANDARD, android.support.v7.app.ActionBar.NAVIGATION_MODE_LIST, android.support.v7.app.ActionBar.NAVIGATION_MODE_TABS}" />
    </annotation>
  </item>
  <item name="android.support.v7.app.ActionBar void setDisplayOptions(int) 0">
    <annotation name="android.support.annotation.IntDef">
      <val name="flag" val="true" />
      <val name="value" val="{android.support.v7.app.ActionBar.DISPLAY_USE_LOGO, android.support.v7.app.ActionBar.DISPLAY_SHOW_HOME, android.support.v7.app.ActionBar.DISPLAY_HOME_AS_UP, android.support.v7.app.ActionBar.DISPLAY_SHOW_TITLE, android.support.v7.app.ActionBar.DISPLAY_SHOW_CUSTOM}" />
    </annotation>
  </item>
  <item name="android.support.v7.app.ActionBar void setDisplayOptions(int, int) 0">
    <annotation name="android.support.annotation.IntDef">
      <val name="flag" val="true" />
      <val name="value" val="{android.support.v7.app.ActionBar.DISPLAY_USE_LOGO, android.support.v7.app.ActionBar.DISPLAY_SHOW_HOME, android.support.v7.app.ActionBar.DISPLAY_HOME_AS_UP, android.support.v7.app.ActionBar.DISPLAY_SHOW_TITLE, android.support.v7.app.ActionBar.DISPLAY_SHOW_CUSTOM}" />
    </annotation>
  </item>
  <item name="android.support.v7.app.ActionBar void setDisplayOptions(int, int) 1">
    <annotation name="android.support.annotation.IntDef">
      <val name="flag" val="true" />
      <val name="value" val="{android.support.v7.app.ActionBar.DISPLAY_USE_LOGO, android.support.v7.app.ActionBar.DISPLAY_SHOW_HOME, android.support.v7.app.ActionBar.DISPLAY_HOME_AS_UP, android.support.v7.app.ActionBar.DISPLAY_SHOW_TITLE, android.support.v7.app.ActionBar.DISPLAY_SHOW_CUSTOM}" />
    </annotation>
  </item>
  <item name="android.support.v7.app.ActionBar void setHomeActionContentDescription(int) 0">
    <annotation name="android.support.annotation.StringRes" />
  </item>
  <item name="android.support.v7.app.ActionBar void setHomeAsUpIndicator(int) 0">
    <annotation name="android.support.annotation.DrawableRes" />
  </item>
  <item name="android.support.v7.app.ActionBar void setIcon(int) 0">
    <annotation name="android.support.annotation.DrawableRes" />
  </item>
  <item name="android.support.v7.app.ActionBar void setLogo(int) 0">
    <annotation name="android.support.annotation.DrawableRes" />
  </item>
  <item name="android.support.v7.app.ActionBar void setNavigationMode(int) 0">
    <annotation name="android.support.annotation.IntDef">
      <val name="value" val="{android.support.v7.app.ActionBar.NAVIGATION_MODE_STANDARD, android.support.v7.app.ActionBar.NAVIGATION_MODE_LIST, android.support.v7.app.ActionBar.NAVIGATION_MODE_TABS}" />
    </annotation>
  </item>
  <item name="android.support.v7.app.ActionBar void setTitle(int) 0">
    <annotation name="android.support.annotation.StringRes" />
  </item>
  <item name="android.support.v7.app.ActionBar.Tab android.support.v7.app.ActionBar.Tab setIcon(int) 0">
    <annotation name="android.support.annotation.DrawableRes" />
  </item>
  <item name="android.support.v7.app.ActionBarDrawerToggle ActionBarDrawerToggle(android.app.Activity, android.support.v4.widget.DrawerLayout, android.support.v7.widget.Toolbar, int, int) 3">
    <annotation name="android.support.annotation.StringRes" />
  </item>
  <item name="android.support.v7.app.ActionBarDrawerToggle ActionBarDrawerToggle(android.app.Activity, android.support.v4.widget.DrawerLayout, android.support.v7.widget.Toolbar, int, int) 4">
    <annotation name="android.support.annotation.StringRes" />
  </item>
  <item name="android.support.v7.app.ActionBarDrawerToggle ActionBarDrawerToggle(android.app.Activity, android.support.v4.widget.DrawerLayout, int, int) 2">
    <annotation name="android.support.annotation.StringRes" />
  </item>
  <item name="android.support.v7.app.ActionBarDrawerToggle ActionBarDrawerToggle(android.app.Activity, android.support.v4.widget.DrawerLayout, int, int) 3">
    <annotation name="android.support.annotation.StringRes" />
  </item>
  <item name="android.support.v7.app.ActionBarDrawerToggle ActionBarDrawerToggle(android.app.Activity, android.support.v7.widget.Toolbar, android.support.v4.widget.DrawerLayout, T, int, int) 4">
    <annotation name="android.support.annotation.StringRes" />
  </item>
  <item name="android.support.v7.app.ActionBarDrawerToggle ActionBarDrawerToggle(android.app.Activity, android.support.v7.widget.Toolbar, android.support.v4.widget.DrawerLayout, T, int, int) 5">
    <annotation name="android.support.annotation.StringRes" />
  </item>
  <item name="android.support.v7.app.ActionBarDrawerToggle.Delegate void setActionBarDescription(int) 0">
    <annotation name="android.support.annotation.StringRes" />
  </item>
  <item name="android.support.v7.app.ActionBarDrawerToggle.Delegate void setActionBarUpIndicator(android.graphics.drawable.Drawable, int) 1">
    <annotation name="android.support.annotation.StringRes" />
  </item>
  <item name="android.support.v7.app.ActionBarDrawerToggle.DummyDelegate void setActionBarDescription(int) 0">
    <annotation name="android.support.annotation.StringRes" />
  </item>
  <item name="android.support.v7.app.ActionBarDrawerToggle.DummyDelegate void setActionBarUpIndicator(android.graphics.drawable.Drawable, int) 1">
    <annotation name="android.support.annotation.StringRes" />
  </item>
  <item name="android.support.v7.app.ActionBarDrawerToggle.ToolbarCompatDelegate void setActionBarDescription(int) 0">
    <annotation name="android.support.annotation.StringRes" />
  </item>
  <item name="android.support.v7.app.ActionBarDrawerToggle.ToolbarCompatDelegate void setActionBarUpIndicator(android.graphics.drawable.Drawable, int) 1">
    <annotation name="android.support.annotation.StringRes" />
  </item>
  <item name="android.support.v7.app.AppCompatActivity void setContentView(int) 0">
    <annotation name="android.support.annotation.LayoutRes" />
  </item>
  <item name="android.support.v7.app.AppCompatDialog void setContentView(int) 0">
    <annotation name="android.support.annotation.LayoutRes" />
  </item>
</root>

